,0
0,Unnamed: 0
1,Country Name
2,Year
3,ARI treatment (% of children under 5 taken to a health provider)
4,Access to clean fuels and technologies for cooking (% of population)
5,"Access to clean fuels and technologies for cooking, rural (% of rural population)"
6,"Access to clean fuels and technologies for cooking, urban (% of urban population)"
7,Access to electricity (% of population)
8,"Access to electricity, rural (% of rural population)"
9,"Access to electricity, urban (% of urban population)"
10,"Adjusted net enrollment rate, primary (% of primary school age children)"
11,"Adjusted net enrollment rate, primary, female (% of primary school age children)"
12,"Adjusted net enrollment rate, primary, male (% of primary school age children)"
13,Adjusted net national income (annual % growth)
14,Adjusted net national income (constant 2015 US$)
15,Adjusted net national income (current US$)
16,Adjusted net national income per capita (annual % growth)
17,Adjusted net national income per capita (constant 2015 US$)
18,Adjusted net national income per capita (current US$)
19,"Adjusted net savings, excluding particulate emission damage (% of GNI)"
20,"Adjusted net savings, excluding particulate emission damage (current US$)"
21,"Adjusted net savings, including particulate emission damage (% of GNI)"
22,"Adjusted net savings, including particulate emission damage (current US$)"
23,Adjusted savings: carbon dioxide damage (% of GNI)
24,Adjusted savings: carbon dioxide damage (current US$)
25,Adjusted savings: consumption of fixed capital (% of GNI)
26,Adjusted savings: consumption of fixed capital (current US$)
27,Adjusted savings: education expenditure (% of GNI)
28,Adjusted savings: education expenditure (current US$)
29,Adjusted savings: energy depletion (% of GNI)
30,Adjusted savings: energy depletion (current US$)
31,Adjusted savings: gross savings (% of GNI)
32,Adjusted savings: mineral depletion (% of GNI)
33,Adjusted savings: mineral depletion (current US$)
34,Adjusted savings: natural resources depletion (% of GNI)
35,Adjusted savings: net forest depletion (% of GNI)
36,Adjusted savings: net forest depletion (current US$)
37,Adjusted savings: net national savings (% of GNI)
38,Adjusted savings: net national savings (current US$)
39,Adjusted savings: particulate emission damage (% of GNI)
40,Adjusted savings: particulate emission damage (current US$)
41,"Adolescent fertility rate (births per 1,000 women ages 15-19)"
42,Adolescents out of school (% of lower secondary school age)
43,"Adolescents out of school, female (% of female lower secondary school age)"
44,"Adolescents out of school, male (% of male lower secondary school age)"
45,Adults (ages 15+) and children (ages 0-14) newly infected with HIV
46,Adults (ages 15-49) newly infected with HIV
47,Age dependency ratio (% of working-age population)
48,"Age dependency ratio, old (% of working-age population)"
49,"Age dependency ratio, young (% of working-age population)"
50,Agricultural irrigated land (% of total agricultural land)
51,Agricultural land (% of land area)
52,Agricultural land (sq. km)
53,"Agricultural machinery, tractors"
54,"Agricultural machinery, tractors per 100 sq. km of arable land"
55,Agricultural methane emissions (% of total)
56,Agricultural methane emissions (thousand metric tons of CO2 equivalent)
57,Agricultural nitrous oxide emissions (% of total)
58,Agricultural nitrous oxide emissions (thousand metric tons of CO2 equivalent)
59,"Agriculture, forestry, and fishing, value added (% of GDP)"
60,"Agriculture, forestry, and fishing, value added (annual % growth)"
61,"Agriculture, forestry, and fishing, value added (constant 2015 US$)"
62,"Agriculture, forestry, and fishing, value added (constant LCU)"
63,"Agriculture, forestry, and fishing, value added (current LCU)"
64,"Agriculture, forestry, and fishing, value added (current US$)"
65,"Agriculture, forestry, and fishing, value added per worker (constant 2015 US$)"
66,"Air transport, freight (million ton-km)"
67,"Air transport, passengers carried"
68,"Air transport, registered carrier departures worldwide"
69,Alternative and nuclear energy (% of total energy use)
70,"Annual freshwater withdrawals, agriculture (% of total freshwater withdrawal)"
71,"Annual freshwater withdrawals, domestic (% of total freshwater withdrawal)"
72,"Annual freshwater withdrawals, industry (% of total freshwater withdrawal)"
73,"Annual freshwater withdrawals, total (% of internal resources)"
74,"Annual freshwater withdrawals, total (billion cubic meters)"
75,Antiretroviral therapy coverage (% of people living with HIV)
76,Antiretroviral therapy coverage for PMTCT (% of pregnant women living with HIV)
77,Aquaculture production (metric tons)
78,Arable land (% of land area)
79,Arable land (hectares per person)
80,Arable land (hectares)
81,Armed forces personnel (% of total labor force)
82,"Armed forces personnel, total"
83,Arms exports (SIPRI trend indicator values)
84,Arms imports (SIPRI trend indicator values)
85,Average precipitation in depth (mm per year)
86,Battle-related deaths (number of people)
87,"Bird species, threatened"
88,"Birth rate, crude (per 1,000 people)"
89,Births attended by skilled health staff (% of total)
90,CO2 emissions (kg per 2015 US$ of GDP)
91,CO2 emissions (kg per 2021 PPP $ of GDP)
92,CO2 emissions (kg per PPP $ of GDP)
93,CO2 emissions (kt)
94,CO2 emissions (metric tons per capita)
95,"CO2 emissions from electricity and heat production, total (% of total fuel combustion)"
96,CO2 emissions from gaseous fuel consumption (% of total)
97,CO2 emissions from gaseous fuel consumption (kt)
98,CO2 emissions from liquid fuel consumption (% of total)
99,CO2 emissions from liquid fuel consumption (kt)
100,CO2 emissions from manufacturing industries and construction (% of total fuel combustion)
101,"CO2 emissions from other sectors, excluding residential buildings and commercial and public services (% of total fuel combustion)"
102,CO2 emissions from residential buildings and commercial and public services (% of total fuel combustion)
103,CO2 emissions from solid fuel consumption (% of total)
104,CO2 emissions from solid fuel consumption (kt)
105,CO2 emissions from transport (% of total fuel combustion)
106,CO2 intensity (kg per kg of oil equivalent energy use)
107,CPIA building human resources rating (1=low to 6=high)
108,CPIA business regulatory environment rating (1=low to 6=high)
109,CPIA debt policy rating (1=low to 6=high)
110,CPIA economic management cluster average (1=low to 6=high)
111,CPIA efficiency of revenue mobilization rating (1=low to 6=high)
112,CPIA equity of public resource use rating (1=low to 6=high)
113,CPIA financial sector rating (1=low to 6=high)
114,CPIA fiscal policy rating (1=low to 6=high)
115,CPIA gender equality rating (1=low to 6=high)
116,CPIA macroeconomic management rating (1=low to 6=high)
117,CPIA policies for social inclusion/equity cluster average (1=low to 6=high)
118,CPIA policy and institutions for environmental sustainability rating (1=low to 6=high)
119,CPIA property rights and rule-based governance rating (1=low to 6=high)
120,CPIA public sector management and institutions cluster average (1=low to 6=high)
121,CPIA quality of budgetary and financial management rating (1=low to 6=high)
122,CPIA quality of public administration rating (1=low to 6=high)
123,CPIA social protection rating (1=low to 6=high)
124,CPIA structural policies cluster average (1=low to 6=high)
125,CPIA trade rating (1=low to 6=high)
126,"CPIA transparency, accountability, and corruption in the public sector rating (1=low to 6=high)"
127,Capture fisheries production (metric tons)
128,"Cause of death, by communicable diseases and maternal, prenatal and nutrition conditions (% of total)"
129,"Cause of death, by injury (% of total)"
130,"Cause of death, by non-communicable diseases (% of total)"
131,"Central government debt, total (% of GDP)"
132,"Central government debt, total (current LCU)"
133,Cereal production (metric tons)
134,Cereal yield (kg per hectare)
135,Changes in inventories (constant LCU)
136,Changes in inventories (current LCU)
137,Changes in inventories (current US$)
138,Chemicals (% of value added in manufacturing)
139,Children (0-14) living with HIV
140,Children (ages 0-14) newly infected with HIV
141,Children out of school (% of primary school age)
142,"Children out of school, female (% of female primary school age)"
143,"Children out of school, male (% of male primary school age)"
144,"Children out of school, primary"
145,"Children out of school, primary, female"
146,"Children out of school, primary, male"
147,Children with fever receiving antimalarial drugs (% of children under age 5 with fever)
148,Coal rents (% of GDP)
149,Combustible renewables and waste (% of total energy)
150,"Commercial banks and other lending (PPG + PNG) (NFL, current US$)"
151,"Community health workers (per 1,000 people)"
152,Compensation of employees (% of expense)
153,Compensation of employees (current LCU)
154,Completeness of birth registration (%)
155,"Completeness of birth registration, female (%)"
156,"Completeness of birth registration, male (%)"
157,"Completeness of birth registration, rural (%)"
158,"Completeness of birth registration, urban (%)"
159,Completeness of death registration with cause-of-death information (%)
160,"Compulsory education, duration (years)"
161,"Condom use, population ages 15-24, female (% of females ages 15-24)"
162,"Condom use, population ages 15-24, male (% of males ages 15-24)"
163,Consumption of iodized salt (% of households)
164,Container port traffic (TEU: 20 foot equivalent units)
165,"Contraceptive prevalence, any method (% of married women ages 15-49)"
166,"Contraceptive prevalence, any modern method (% of married women ages 15-49)"
167,Control of Corruption: Estimate
168,Control of Corruption: Number of Sources
169,Control of Corruption: Percentile Rank
170,"Control of Corruption: Percentile Rank, Lower Bound of 90% Confidence Interval"
171,"Control of Corruption: Percentile Rank, Upper Bound of 90% Confidence Interval"
172,Control of Corruption: Standard Error
173,Crop production index (2014-2016 = 100)
174,"Current education expenditure, primary (% of total expenditure in primary public institutions)"
175,"Current education expenditure, secondary (% of total expenditure in secondary public institutions)"
176,"Current education expenditure, tertiary (% of total expenditure in tertiary public institutions)"
177,"Current education expenditure, total (% of total expenditure in public institutions)"
178,Current health expenditure (% of GDP)
179,Current health expenditure per capita (current US$)
180,"Current health expenditure per capita, PPP (current international $)"
181,Customs and other import duties (% of tax revenue)
182,Customs and other import duties (current LCU)
183,"Death rate, crude (per 1,000 people)"
184,"Debt service (PPG and IMF only, % of exports of goods, services and primary income)"
185,"Debt service on external debt, public and publicly guaranteed (PPG) (TDS, current US$)"
186,"Debt service on external debt, total (TDS, current US$)"
187,Demand for family planning satisfied by modern methods (% of married women with demand for family planning)
188,Diabetes prevalence (% of population ages 20 to 79)
189,Diarrhea treatment (% of children under 5 receiving oral rehydration and continued feeding)
190,Diarrhea treatment (% of children under 5 who received ORS packet)
191,Disaster risk reduction progress score (1-5 scale; 5=best)
192,Discrepancy in expenditure estimate of GDP (constant LCU)
193,Discrepancy in expenditure estimate of GDP (current LCU)
194,Domestic general government health expenditure (% of GDP)
195,Domestic general government health expenditure (% of current health expenditure)
196,Domestic general government health expenditure (% of general government expenditure)
197,Domestic general government health expenditure per capita (current US$)
198,"Domestic general government health expenditure per capita, PPP (current international $)"
199,Domestic private health expenditure (% of current health expenditure)
200,Domestic private health expenditure per capita (current US$)
201,"Domestic private health expenditure per capita, PPP (current international $)"
202,"Droughts, floods, extreme temperatures (% of population, average 1990-2009)"
203,"Educational attainment, Doctoral or equivalent, population 25+, female (%) (cumulative)"
204,"Educational attainment, Doctoral or equivalent, population 25+, male (%) (cumulative)"
205,"Educational attainment, Doctoral or equivalent, population 25+, total (%) (cumulative)"
206,"Educational attainment, at least Bachelor's or equivalent, population 25+, female (%) (cumulative)"
207,"Educational attainment, at least Bachelor's or equivalent, population 25+, male (%) (cumulative)"
208,"Educational attainment, at least Bachelor's or equivalent, population 25+, total (%) (cumulative)"
209,"Educational attainment, at least Master's or equivalent, population 25+, female (%) (cumulative)"
210,"Educational attainment, at least Master's or equivalent, population 25+, male (%) (cumulative)"
211,"Educational attainment, at least Master's or equivalent, population 25+, total (%) (cumulative)"
212,"Educational attainment, at least completed lower secondary, population 25+, female (%) (cumulative)"
213,"Educational attainment, at least completed lower secondary, population 25+, male (%) (cumulative)"
214,"Educational attainment, at least completed lower secondary, population 25+, total (%) (cumulative)"
215,"Educational attainment, at least completed post-secondary, population 25+, female (%) (cumulative)"
216,"Educational attainment, at least completed post-secondary, population 25+, male (%) (cumulative)"
217,"Educational attainment, at least completed post-secondary, population 25+, total (%) (cumulative)"
218,"Educational attainment, at least completed primary, population 25+ years, female (%) (cumulative)"
219,"Educational attainment, at least completed primary, population 25+ years, male (%) (cumulative)"
220,"Educational attainment, at least completed primary, population 25+ years, total (%) (cumulative)"
221,"Educational attainment, at least completed short-cycle tertiary, population 25+, female (%) (cumulative)"
222,"Educational attainment, at least completed short-cycle tertiary, population 25+, male (%) (cumulative)"
223,"Educational attainment, at least completed short-cycle tertiary, population 25+, total (%) (cumulative)"
224,"Educational attainment, at least completed upper secondary, population 25+, female (%) (cumulative)"
225,"Educational attainment, at least completed upper secondary, population 25+, male (%) (cumulative)"
226,"Educational attainment, at least completed upper secondary, population 25+, total (%) (cumulative)"
227,Electric power consumption (kWh per capita)
228,Electric power transmission and distribution losses (% of output)
229,Electricity production from coal sources (% of total)
230,Electricity production from hydroelectric sources (% of total)
231,Electricity production from natural gas sources (% of total)
232,Electricity production from nuclear sources (% of total)
233,Electricity production from oil sources (% of total)
234,"Electricity production from oil, gas and coal sources (% of total)"
235,"Electricity production from renewable sources, excluding hydroelectric (% of total)"
236,"Electricity production from renewable sources, excluding hydroelectric (kWh)"
237,"Energy imports, net (% of energy use)"
238,Energy intensity level of primary energy (MJ/$2017 PPP GDP)
239,Energy related methane emissions (% of total)
240,Energy use (kg of oil equivalent per capita)
241,"Energy use (kg of oil equivalent) per $1,000 GDP (constant 2021 PPP)"
242,Exclusive breastfeeding (% of children under 6 months)
243,Expenditure on primary education (% of government expenditure on education)
244,Expenditure on secondary education (% of government expenditure on education)
245,Expenditure on tertiary education (% of government expenditure on education)
246,Expense (% of GDP)
247,Expense (current LCU)
248,Exports as a capacity to import (constant LCU)
249,Exports of goods and services (% of GDP)
250,Exports of goods and services (annual % growth)
251,Exports of goods and services (constant 2015 US$)
252,Exports of goods and services (constant LCU)
253,Exports of goods and services (current LCU)
254,Exports of goods and services (current US$)
255,External balance on goods and services (% of GDP)
256,External balance on goods and services (constant LCU)
257,External balance on goods and services (current LCU)
258,External balance on goods and services (current US$)
259,External debt stocks (% of GNI)
260,"External debt stocks, long-term (DOD, current US$)"
261,"External debt stocks, private nonguaranteed (PNG) (DOD, current US$)"
262,"External debt stocks, public and publicly guaranteed (PPG) (DOD, current US$)"
263,"External debt stocks, short-term (DOD, current US$)"
264,"External debt stocks, total (DOD, current US$)"
265,External health expenditure (% of current health expenditure)
266,External health expenditure per capita (current US$)
267,"External health expenditure per capita, PPP (current international $)"
268,Female genital mutilation prevalence (%)
269,Female headed households (% of households with a female head)
270,Female primary school age children out-of-school (%)
271,Female pupils below minimum reading proficiency at end of primary (%). Low GAML threshold
272,"Fertility rate, total (births per woman)"
273,Fertilizer consumption (% of fertilizer production)
274,Fertilizer consumption (kilograms per hectare of arable land)
275,Final consumption expenditure (% of GDP)
276,Final consumption expenditure (annual % growth)
277,Final consumption expenditure (constant 2015 US$)
278,Final consumption expenditure (constant LCU)
279,Final consumption expenditure (current LCU)
280,Final consumption expenditure (current US$)
281,Financial intermediary services indirectly Measured (FISIM) (constant LCU)
282,Financial intermediary services indirectly Measured (FISIM) (current LCU)
283,"Fish species, threatened"
284,Fixed broadband subscriptions
285,Fixed broadband subscriptions (per 100 people)
286,Fixed telephone subscriptions
287,Fixed telephone subscriptions (per 100 people)
288,Food production index (2014-2016 = 100)
289,"Food, beverages and tobacco (% of value added in manufacturing)"
290,Forest area (% of land area)
291,Forest area (sq. km)
292,Forest rents (% of GDP)
293,Fossil fuel energy consumption (% of total)
294,GDP (constant 2015 US$)
295,GDP (constant LCU)
296,GDP (current LCU)
297,GDP (current US$)
298,GDP growth (annual %)
299,GDP per capita (constant 2015 US$)
300,GDP per capita (constant LCU)
301,GDP per capita (current LCU)
302,GDP per capita (current US$)
303,GDP per capita growth (annual %)
304,GDP per unit of energy use (PPP $ per kg of oil equivalent)
305,GDP per unit of energy use (constant 2021 PPP $ per kg of oil equivalent)
306,GDP: linked series (current LCU)
307,GHG net emissions/removals by LUCF (Mt of CO2 equivalent)
308,GNI (constant 2015 US$)
309,GNI (constant LCU)
310,GNI (current LCU)
311,GNI (current US$)
312,GNI growth (annual %)
313,GNI per capita (constant 2015 US$)
314,GNI per capita (constant LCU)
315,GNI per capita (current LCU)
316,GNI per capita growth (annual %)
317,"GNI per capita, Atlas method (current US$)"
318,"GNI, Atlas method (current US$)"
319,GNI: linked series (current LCU)
320,General government final consumption expenditure (% of GDP)
321,General government final consumption expenditure (annual % growth)
322,General government final consumption expenditure (constant 2015 US$)
323,General government final consumption expenditure (constant LCU)
324,General government final consumption expenditure (current LCU)
325,General government final consumption expenditure (current US$)
326,Goods and services expense (% of expense)
327,Goods and services expense (current LCU)
328,Government Effectiveness: Estimate
329,Government Effectiveness: Number of Sources
330,Government Effectiveness: Percentile Rank
331,"Government Effectiveness: Percentile Rank, Lower Bound of 90% Confidence Interval"
332,"Government Effectiveness: Percentile Rank, Upper Bound of 90% Confidence Interval"
333,Government Effectiveness: Standard Error
334,"Government expenditure on education, total (% of GDP)"
335,"Government expenditure on education, total (% of government expenditure)"
336,"Government expenditure per student, primary (% of GDP per capita)"
337,"Government expenditure per student, secondary (% of GDP per capita)"
338,"Government expenditure per student, tertiary (% of GDP per capita)"
339,Grants and other revenue (% of revenue)
340,Grants and other revenue (current LCU)
341,Gross capital formation (% of GDP)
342,Gross capital formation (annual % growth)
343,Gross capital formation (constant 2015 US$)
344,Gross capital formation (constant LCU)
345,Gross capital formation (current LCU)
346,Gross capital formation (current US$)
347,Gross domestic income (constant LCU)
348,Gross domestic savings (% of GDP)
349,Gross domestic savings (current LCU)
350,Gross domestic savings (current US$)
351,Gross fixed capital formation (% of GDP)
352,Gross fixed capital formation (annual % growth)
353,Gross fixed capital formation (constant 2015 US$)
354,Gross fixed capital formation (constant LCU)
355,Gross fixed capital formation (current LCU)
356,Gross fixed capital formation (current US$)
357,"Gross fixed capital formation, private sector (% of GDP)"
358,"Gross fixed capital formation, private sector (current LCU)"
359,"Gross intake ratio in first grade of primary education, female (% of relevant age group)"
360,"Gross intake ratio in first grade of primary education, male (% of relevant age group)"
361,"Gross intake ratio in first grade of primary education, total (% of relevant age group)"
362,Gross national expenditure (% of GDP)
363,Gross national expenditure (constant 2015 US$)
364,Gross national expenditure (constant LCU)
365,Gross national expenditure (current LCU)
366,Gross national expenditure (current US$)
367,Gross national expenditure deflator (base year varies by country)
368,Gross savings (% of GDP)
369,Gross savings (% of GNI)
370,Gross savings (current LCU)
371,Gross savings (current US$)
372,Gross value added at basic prices (GVA) (constant 2015 US$)
373,Gross value added at basic prices (GVA) (constant LCU)
374,Gross value added at basic prices (GVA) (current LCU)
375,Gross value added at basic prices (GVA) (current US$)
376,HFC gas emissions (thousand metric tons of CO2 equivalent)
377,High-technology exports (% of manufactured exports)
378,High-technology exports (current US$)
379,"Hospital beds (per 1,000 people)"
380,Households and NPISHs Final consumption expenditure (annual % growth)
381,Households and NPISHs Final consumption expenditure (constant 2015 US$)
382,Households and NPISHs Final consumption expenditure (constant LCU)
383,Households and NPISHs Final consumption expenditure (current LCU)
384,Households and NPISHs Final consumption expenditure (current US$)
385,Households and NPISHs Final consumption expenditure per capita (constant 2015 US$)
386,Households and NPISHs Final consumption expenditure per capita growth (annual %)
387,Households and NPISHs final consumption expenditure (% of GDP)
388,Households and NPISHs final consumption expenditure: linked series (current LCU)
389,Human capital index (HCI) (scale 0-1)
390,"Human capital index (HCI), female (scale 0-1)"
391,"Human capital index (HCI), female, lower bound (scale 0-1)"
392,"Human capital index (HCI), female, upper bound (scale 0-1)"
393,"Human capital index (HCI), lower bound (scale 0-1)"
394,"Human capital index (HCI), male (scale 0-1)"
395,"Human capital index (HCI), male, lower bound (scale 0-1)"
396,"Human capital index (HCI), male, upper bound (scale 0-1)"
397,"Human capital index (HCI), upper bound (scale 0-1)"
398,"IBRD loans and IDA credits (DOD, current US$)"
399,ICT goods exports (% of total goods exports)
400,ICT goods imports (% total goods imports)
401,"ICT service exports (% of service exports, BoP)"
402,"ICT service exports (BoP, current US$)"
403,IDA resource allocation index (1=low to 6=high)
404,"IFC, private nonguaranteed (NFL, US$)"
405,"IMF repurchases and charges (TDS, current US$)"
406,"Immunization, DPT (% of children ages 12-23 months)"
407,"Immunization, HepB3 (% of one-year-old children)"
408,"Immunization, measles (% of children ages 12-23 months)"
409,Imports of goods and services (% of GDP)
410,Imports of goods and services (annual % growth)
411,Imports of goods and services (constant 2015 US$)
412,Imports of goods and services (constant LCU)
413,Imports of goods and services (current LCU)
414,Imports of goods and services (current US$)
415,"Incidence of HIV, ages 15-24 (per 1,000 uninfected population ages 15-24)"
416,"Incidence of HIV, ages 15-49 (per 1,000 uninfected population ages 15-49)"
417,"Incidence of HIV, all (per 1,000 uninfected population)"
418,"Incidence of malaria (per 1,000 population at risk)"
419,"Incidence of tuberculosis (per 100,000 people)"
420,Individuals using the Internet (% of population)
421,"Industrial design applications, nonresident, by count"
422,"Industrial design applications, resident, by count"
423,"Industry (including construction), value added (% of GDP)"
424,"Industry (including construction), value added (annual % growth)"
425,"Industry (including construction), value added (constant 2015 US$)"
426,"Industry (including construction), value added (constant LCU)"
427,"Industry (including construction), value added (current LCU)"
428,"Industry (including construction), value added (current US$)"
429,"Industry (including construction), value added per worker (constant 2015 US$)"
430,"Intentional homicides (per 100,000 people)"
431,"Intentional homicides, female (per 100,000 female)"
432,"Intentional homicides, male (per 100,000 male)"
433,Interest payments (% of expense)
434,Interest payments (% of revenue)
435,Interest payments (current LCU)
436,"Internally displaced persons, new displacement associated with conflict and violence (number of cases)"
437,"Internally displaced persons, new displacement associated with disasters (number of cases)"
438,"Internally displaced persons, total displaced by conflict and violence (number of people)"
439,Land area (sq. km)
440,Land area where elevation is below 5 meters (% of total land area)
441,Land under cereal production (hectares)
442,Learning poverty: Share of Children at the End-of-Primary age below minimum reading proficiency adjusted by Out-of-School Children (%)
443,Learning poverty: Share of Female Children at the End-of-Primary age below minimum reading proficiency adjusted by Out-of-School Children (%)
444,Learning poverty: Share of Male Children at the End-of-Primary age below minimum reading proficiency adjusted by Out-of-School Children (%)
445,Level of water stress: freshwater withdrawal as a proportion of available freshwater resources
446,"Life expectancy at birth, female (years)"
447,"Life expectancy at birth, male (years)"
448,"Life expectancy at birth, total (years)"
449,Lifetime risk of maternal death (%)
450,Lifetime risk of maternal death (1 in: rate varies by country)
451,Liner shipping connectivity index (maximum value in 2004 = 100)
452,"Literacy rate, adult female (% of females ages 15 and above)"
453,"Literacy rate, adult male (% of males ages 15 and above)"
454,"Literacy rate, adult total (% of people ages 15 and above)"
455,"Literacy rate, youth (ages 15-24), gender parity index (GPI)"
456,"Literacy rate, youth female (% of females ages 15-24)"
457,"Literacy rate, youth male (% of males ages 15-24)"
458,"Literacy rate, youth total (% of people ages 15-24)"
459,Livestock production index (2014-2016 = 100)
460,Low-birthweight babies (% of births)
461,"Lower secondary completion rate, female (% of relevant age group)"
462,"Lower secondary completion rate, male (% of relevant age group)"
463,"Lower secondary completion rate, total (% of relevant age group)"
464,Lower secondary school starting age (years)
465,Machinery and transport equipment (% of value added in manufacturing)
466,Male primary school age children out-of-school (%)
467,Male pupils below minimum reading proficiency at end of primary (%). Low GAML threshold
468,"Mammal species, threatened"
469,"Manufacturing, value added (% of GDP)"
470,"Manufacturing, value added (annual % growth)"
471,"Manufacturing, value added (constant 2015 US$)"
472,"Manufacturing, value added (constant LCU)"
473,"Manufacturing, value added (current LCU)"
474,"Manufacturing, value added (current US$)"
475,Marine protected areas (% of territorial waters)
476,"Maternal mortality ratio (modeled estimate, per 100,000 live births)"
477,"Maternal mortality ratio (national estimate, per 100,000 live births)"
478,Medium and high-tech manufacturing value added (% manufacturing value added)
479,Methane emissions (% change from 1990)
480,Methane emissions (kt of CO2 equivalent)
481,Methane emissions in energy sector (thousand metric tons of CO2 equivalent)
482,Methodology assessment of statistical capacity (scale 0 - 100)
483,Military expenditure (% of GDP)
484,Military expenditure (% of general government expenditure)
485,Military expenditure (current LCU)
486,Military expenditure (current USD)
487,Mineral rents (% of GDP)
488,Mobile cellular subscriptions
489,Mobile cellular subscriptions (per 100 people)
490,"Mortality caused by road traffic injury (per 100,000 population)"
491,"Mortality from CVD, cancer, diabetes or CRD between exact ages 30 and 70 (%)"
492,"Mortality from CVD, cancer, diabetes or CRD between exact ages 30 and 70, female (%)"
493,"Mortality from CVD, cancer, diabetes or CRD between exact ages 30 and 70, male (%)"
494,"Mortality rate attributed to household and ambient air pollution, age-standardized (per 100,000 population)"
495,"Mortality rate attributed to household and ambient air pollution, age-standardized, female (per 100,000 female population)"
496,"Mortality rate attributed to household and ambient air pollution, age-standardized, male (per 100,000 male population)"
497,"Mortality rate attributed to unintentional poisoning (per 100,000 population)"
498,"Mortality rate attributed to unintentional poisoning, female (per 100,000 female population)"
499,"Mortality rate attributed to unintentional poisoning, male (per 100,000 male population)"
500,"Mortality rate attributed to unsafe water, unsafe sanitation and lack of hygiene (per 100,000 population)"
501,"Mortality rate, adult, female (per 1,000 female adults)"
502,"Mortality rate, adult, male (per 1,000 male adults)"
503,"Mortality rate, infant (per 1,000 live births)"
504,"Mortality rate, infant, female (per 1,000 live births)"
505,"Mortality rate, infant, male (per 1,000 live births)"
506,"Mortality rate, neonatal (per 1,000 live births)"
507,"Mortality rate, under-5 (per 1,000 live births)"
508,"Mortality rate, under-5, female (per 1,000 live births)"
509,"Mortality rate, under-5, male (per 1,000 live births)"
510,Multilateral debt service (% of public and publicly guaranteed debt service)
511,"Multilateral debt service (TDS, current US$)"
512,Natural gas rents (% of GDP)
513,Net acquisition of financial assets (% of GDP)
514,Net acquisition of financial assets (current LCU)
515,"Net financial flows, IBRD (NFL, current US$)"
516,"Net financial flows, IDA (NFL, current US$)"
517,"Net financial flows, IMF concessional (NFL, current US$)"
518,"Net financial flows, IMF nonconcessional (NFL, current US$)"
519,"Net financial flows, RDB concessional (NFL, current US$)"
520,"Net financial flows, RDB nonconcessional (NFL, current US$)"
521,"Net financial flows, bilateral (NFL, current US$)"
522,"Net financial flows, multilateral (NFL, current US$)"
523,"Net financial flows, others (NFL, current US$)"
524,"Net flows on external debt, private nonguaranteed (PNG) (NFL, current US$)"
525,"Net incurrence of liabilities, total (% of GDP)"
526,"Net incurrence of liabilities, total (current LCU)"
527,Net intake rate in grade 1 (% of official school-age population)
528,"Net intake rate in grade 1, female (% of official school-age population)"
529,"Net intake rate in grade 1, male (% of official school-age population)"
530,Net investment in nonfinancial assets (% of GDP)
531,Net investment in nonfinancial assets (current LCU)
532,Net lending (+) / net borrowing (-) (% of GDP)
533,Net lending (+) / net borrowing (-) (current LCU)
534,Net primary income (Net income from abroad) (constant LCU)
535,Net primary income (Net income from abroad) (current LCU)
536,Net primary income (Net income from abroad) (current US$)
537,Net secondary income (Net current transfers from abroad) (constant LCU)
538,Net secondary income (Net current transfers from abroad) (current LCU)
539,Net secondary income (Net current transfers from abroad) (current US$)
540,Newborns protected against tetanus (%)
541,Nitrous oxide emissions (% change from 1990)
542,Nitrous oxide emissions (thousand metric tons of CO2 equivalent)
543,Nitrous oxide emissions in energy sector (% of total)
544,Nitrous oxide emissions in energy sector (thousand metric tons of CO2 equivalent)
545,Number of deaths ages 10-14 years
546,Number of deaths ages 15-19 years
547,Number of deaths ages 20-24 years
548,Number of deaths ages 5-9 years
549,Number of infant deaths
550,Number of maternal deaths
551,Number of neonatal deaths
552,"Number of surgical procedures (per 100,000 population)"
553,Number of under-five deaths
554,"Nurses and midwives (per 1,000 people)"
555,Oil rents (% of GDP)
556,Other expense (% of expense)
557,Other expense (current LCU)
558,Other greenhouse gas emissions (% change from 1990)
559,"Other greenhouse gas emissions, HFC, PFC and SF6 (thousand metric tons of CO2 equivalent)"
560,Other manufacturing (% of value added in manufacturing)
561,Other taxes (% of revenue)
562,Other taxes (current LCU)
563,Out-of-pocket expenditure (% of current health expenditure)
564,Out-of-pocket expenditure per capita (current US$)
565,"Out-of-pocket expenditure per capita, PPP (current international $)"
566,"Over-age students, primary (% of enrollment)"
567,"Over-age students, primary, female (% of female enrollment)"
568,"Over-age students, primary, male (% of male enrollment)"
569,PFC gas emissions (thousand metric tons of CO2 equivalent)
570,"PM2.5 air pollution, mean annual exposure (micrograms per cubic meter)"
571,"PM2.5 air pollution, population exposed to levels exceeding WHO guideline value (% of total)"
572,"PM2.5 pollution, population exposed to levels exceeding WHO Interim Target-1 value (% of total)"
573,"PM2.5 pollution, population exposed to levels exceeding WHO Interim Target-2 value (% of total)"
574,"PM2.5 pollution, population exposed to levels exceeding WHO Interim Target-3 value (% of total)"
575,"PNG, bonds (NFL, current US$)"
576,"PNG, commercial banks and other creditors (NFL, current US$)"
577,"PPG, IBRD (DOD, current US$)"
578,"PPG, IDA (DOD, current US$)"
579,"PPG, bonds (NFL, current US$)"
580,"PPG, commercial banks (NFL, current US$)"
581,"PPG, official creditors (NFL, US$)"
582,"PPG, other private creditors (NFL, current US$)"
583,"PPG, private creditors (NFL, US$)"
584,"Patent applications, nonresidents"
585,"Patent applications, residents"
586,People practicing open defecation (% of population)
587,"People practicing open defecation, rural (% of rural population)"
588,"People practicing open defecation, urban (% of urban population)"
589,People using at least basic drinking water services (% of population)
590,"People using at least basic drinking water services, rural (% of rural population)"
591,"People using at least basic drinking water services, urban (% of urban population)"
592,People using at least basic sanitation services (% of population)
593,"People using at least basic sanitation services, rural (% of rural population)"
594,"People using at least basic sanitation services, urban (% of urban population)"
595,People using safely managed drinking water services (% of population)
596,"People using safely managed drinking water services, rural (% of rural population)"
597,"People using safely managed drinking water services, urban (% of urban population)"
598,People using safely managed sanitation services (% of population)
599,"People using safely managed sanitation services, rural (% of rural population)"
600,"People using safely managed sanitation services, urban (% of urban population)"
601,People with basic handwashing facilities including soap and water (% of population)
602,"People with basic handwashing facilities including soap and water, rural (% of rural population)"
603,"People with basic handwashing facilities including soap and water, urban (% of urban population)"
604,Periodicity and timeliness assessment of statistical capacity (scale 0 - 100)
605,Permanent cropland (% of land area)
606,"Persistence to grade 5, female (% of cohort)"
607,"Persistence to grade 5, male (% of cohort)"
608,"Persistence to grade 5, total (% of cohort)"
609,"Persistence to last grade of primary, female (% of cohort)"
610,"Persistence to last grade of primary, male (% of cohort)"
611,"Persistence to last grade of primary, total (% of cohort)"
612,"Physicians (per 1,000 people)"
613,"Plant species (higher), threatened"
614,Political Stability and Absence of Violence/Terrorism: Estimate
615,Political Stability and Absence of Violence/Terrorism: Number of Sources
616,Political Stability and Absence of Violence/Terrorism: Percentile Rank
617,"Political Stability and Absence of Violence/Terrorism: Percentile Rank, Lower Bound of 90% Confidence Interval"
618,"Political Stability and Absence of Violence/Terrorism: Percentile Rank, Upper Bound of 90% Confidence Interval"
619,Political Stability and Absence of Violence/Terrorism: Standard Error
620,Population ages 0-14 (% of total population)
621,"Population ages 0-14, female"
622,"Population ages 0-14, female (% of female population)"
623,"Population ages 0-14, male"
624,"Population ages 0-14, male (% of male population)"
625,"Population ages 0-14, total"
626,"Population ages 00-04, female (% of female population)"
627,"Population ages 00-04, male (% of male population)"
628,"Population ages 05-09, female (% of female population)"
629,"Population ages 05-09, male (% of male population)"
630,"Population ages 10-14, female (% of female population)"
631,"Population ages 10-14, male (% of male population)"
632,"Population ages 15-19, female (% of female population)"
633,"Population ages 15-19, male (% of male population)"
634,Population ages 15-64 (% of total population)
635,"Population ages 15-64, female"
636,"Population ages 15-64, female (% of female population)"
637,"Population ages 15-64, male"
638,"Population ages 15-64, male (% of male population)"
639,"Population ages 15-64, total"
640,"Population ages 20-24, female (% of female population)"
641,"Population ages 20-24, male (% of male population)"
642,"Population ages 25-29, female (% of female population)"
643,"Population ages 25-29, male (% of male population)"
644,"Population ages 30-34, female (% of female population)"
645,"Population ages 30-34, male (% of male population)"
646,"Population ages 35-39, female (% of female population)"
647,"Population ages 35-39, male (% of male population)"
648,"Population ages 40-44, female (% of female population)"
649,"Population ages 40-44, male (% of male population)"
650,"Population ages 45-49, female (% of female population)"
651,"Population ages 45-49, male (% of male population)"
652,"Population ages 50-54, female (% of female population)"
653,"Population ages 50-54, male (% of male population)"
654,"Population ages 55-59, female (% of female population)"
655,"Population ages 55-59, male (% of male population)"
656,"Population ages 60-64, female (% of female population)"
657,"Population ages 60-64, male (% of male population)"
658,Population ages 65 and above (% of total population)
659,"Population ages 65 and above, female"
660,"Population ages 65 and above, female (% of female population)"
661,"Population ages 65 and above, male"
662,"Population ages 65 and above, male (% of male population)"
663,"Population ages 65 and above, total"
664,"Population ages 65-69, female (% of female population)"
665,"Population ages 65-69, male (% of male population)"
666,"Population ages 70-74, female (% of female population)"
667,"Population ages 70-74, male (% of male population)"
668,"Population ages 75-79, female (% of female population)"
669,"Population ages 75-79, male (% of male population)"
670,"Population ages 80 and above, female (% of female population)"
671,"Population ages 80 and above, male (% of male population)"
672,Population density (people per sq. km of land area)
673,Population growth (annual %)
674,Population in largest city
675,Population in the largest city (% of urban population)
676,Population in urban agglomerations of more than 1 million
677,Population in urban agglomerations of more than 1 million (% of total population)
678,Population living in areas where elevation is below 5 meters (% of total population)
679,Population living in slums (% of urban population)
680,"Population, female"
681,"Population, female (% of total population)"
682,"Population, male"
683,"Population, male (% of total population)"
684,"Population, total"
685,"Portfolio investment, bonds (PPG + PNG) (NFL, current US$)"
686,Pregnant women receiving prenatal care (%)
687,"Preprimary education, duration (years)"
688,"Prevalence of HIV, female (% ages 15-24)"
689,"Prevalence of HIV, male (% ages 15-24)"
690,"Prevalence of HIV, total (% of population ages 15-49)"
691,Prevalence of anemia among children (% of children ages 6-59 months)
692,Prevalence of anemia among non-pregnant women (% of women ages 15-49)
693,Prevalence of anemia among pregnant women (%)
694,Prevalence of anemia among women of reproductive age (% of women ages 15-49)
695,Prevalence of current tobacco use (% of adults)
696,"Prevalence of current tobacco use, females (% of female adults)"
697,"Prevalence of current tobacco use, males (% of male adults)"
698,Prevalence of moderate or severe food insecurity in the population (%)
699,"Prevalence of overweight (modeled estimate, % of children under 5)"
700,"Prevalence of overweight, weight for height (% of children under 5)"
701,"Prevalence of overweight, weight for height, female (% of children under 5)"
702,"Prevalence of overweight, weight for height, male (% of children under 5)"
703,Prevalence of severe food insecurity in the population (%)
704,"Prevalence of severe wasting, weight for height (% of children under 5)"
705,"Prevalence of severe wasting, weight for height, female (% of children under 5)"
706,"Prevalence of severe wasting, weight for height, male (% of children under 5)"
707,"Prevalence of stunting, height for age (% of children under 5)"
708,"Prevalence of stunting, height for age (modeled estimate, % of children under 5)"
709,"Prevalence of stunting, height for age, female (% of children under 5)"
710,"Prevalence of stunting, height for age, male (% of children under 5)"
711,Prevalence of undernourishment (% of population)
712,"Prevalence of underweight, weight for age (% of children under 5)"
713,"Prevalence of underweight, weight for age, female (% of children under 5)"
714,"Prevalence of underweight, weight for age, male (% of children under 5)"
715,"Prevalence of wasting, weight for height (% of children under 5)"
716,"Prevalence of wasting, weight for height, female (% of children under 5)"
717,"Prevalence of wasting, weight for height, male (% of children under 5)"
718,"Primary completion rate, female (% of relevant age group)"
719,"Primary completion rate, male (% of relevant age group)"
720,"Primary completion rate, total (% of relevant age group)"
721,"Primary education, duration (years)"
722,"Primary education, pupils"
723,"Primary education, pupils (% female)"
724,"Primary education, teachers"
725,"Primary education, teachers (% female)"
726,Primary government expenditures as a proportion of original approved budget (%)
727,Primary school age children out-of-school (%)
728,Primary school starting age (years)
729,"Probability of dying among adolescents ages 10-14 years (per 1,000)"
730,"Probability of dying among adolescents ages 15-19 years (per 1,000)"
731,"Probability of dying among children ages 5-9 years (per 1,000)"
732,"Probability of dying among youth ages 20-24 years (per 1,000)"
733,Progression to secondary school (%)
734,"Progression to secondary school, female (%)"
735,"Progression to secondary school, male (%)"
736,Proportion of population pushed below the $2.15 ($ 2017 PPP) poverty line by out-of-pocket health care expenditure (%)
737,Proportion of population pushed below the $3.65 ($ 2017 PPP) poverty line by out-of-pocket health care expenditure (%)
738,Proportion of population pushed further below the $2.15 ($ 2017 PPP) poverty line by out-of-pocket health care expenditure (%)
739,Proportion of population pushed further below the $3.65 ($ 2017 PPP) poverty line by out-of-pocket health care expenditure (%)
740,Proportion of population spending more than 10% of household consumption or income on out-of-pocket health care expenditure (%)
741,Proportion of population spending more than 25% of household consumption or income on out-of-pocket health care expenditure (%)
742,Public and publicly guaranteed debt service (% of GNI)
743,"Public and publicly guaranteed debt service (% of exports of goods, services and primary income)"
744,Pump price for diesel fuel (US$ per liter)
745,Pump price for gasoline (US$ per liter)
746,"Pupil-teacher ratio, lower secondary"
747,"Pupil-teacher ratio, preprimary"
748,"Pupil-teacher ratio, primary"
749,"Pupil-teacher ratio, secondary"
750,"Pupil-teacher ratio, tertiary"
751,"Pupil-teacher ratio, upper secondary"
752,Pupils below minimum reading proficiency at end of primary (%). Low GAML threshold
753,Rail lines (total route-km)
754,"Railways, goods transported (million ton-km)"
755,"Railways, passengers carried (million passenger-km)"
756,Regulatory Quality: Estimate
757,Regulatory Quality: Number of Sources
758,Regulatory Quality: Percentile Rank
759,"Regulatory Quality: Percentile Rank, Lower Bound of 90% Confidence Interval"
760,"Regulatory Quality: Percentile Rank, Upper Bound of 90% Confidence Interval"
761,Regulatory Quality: Standard Error
762,Renewable electricity output (% of total electricity output)
763,Renewable energy consumption (% of total final energy consumption)
764,Renewable internal freshwater resources per capita (cubic meters)
765,"Renewable internal freshwater resources, total (billion cubic meters)"
766,"Repeaters, primary, female (% of female enrollment)"
767,"Repeaters, primary, male (% of male enrollment)"
768,"Repeaters, primary, total (% of total enrollment)"
769,Research and development expenditure (% of GDP)
770,Researchers in R&D (per million people)
771,"Revenue, excluding grants (% of GDP)"
772,"Revenue, excluding grants (current LCU)"
773,Risk of catastrophic expenditure for surgical care (% of people at risk)
774,Risk of impoverishing expenditure for surgical care (% of people at risk)
775,Rule of Law: Estimate
776,Rule of Law: Number of Sources
777,Rule of Law: Percentile Rank
778,"Rule of Law: Percentile Rank, Lower Bound of 90% Confidence Interval"
779,"Rule of Law: Percentile Rank, Upper Bound of 90% Confidence Interval"
780,Rule of Law: Standard Error
781,Rural land area (sq. km)
782,Rural land area where elevation is below 5 meters (% of total land area)
783,Rural land area where elevation is below 5 meters (sq. km)
784,Rural population
785,Rural population (% of total population)
786,Rural population growth (annual %)
787,Rural population living in areas where elevation is below 5 meters (% of total population)
788,SF6 gas emissions (thousand metric tons of CO2 equivalent)
789,"School enrollment, preprimary (% gross)"
790,"School enrollment, preprimary, female (% gross)"
791,"School enrollment, preprimary, male (% gross)"
792,"School enrollment, primary (% gross)"
793,"School enrollment, primary (% net)"
794,"School enrollment, primary (gross), gender parity index (GPI)"
795,"School enrollment, primary and secondary (gross), gender parity index (GPI)"
796,"School enrollment, primary, female (% gross)"
797,"School enrollment, primary, female (% net)"
798,"School enrollment, primary, male (% gross)"
799,"School enrollment, primary, male (% net)"
800,"School enrollment, primary, private (% of total primary)"
801,"School enrollment, secondary (% gross)"
802,"School enrollment, secondary (% net)"
803,"School enrollment, secondary (gross), gender parity index (GPI)"
804,"School enrollment, secondary, female (% gross)"
805,"School enrollment, secondary, female (% net)"
806,"School enrollment, secondary, male (% gross)"
807,"School enrollment, secondary, male (% net)"
808,"School enrollment, secondary, private (% of total secondary)"
809,"School enrollment, tertiary (% gross)"
810,"School enrollment, tertiary (gross), gender parity index (GPI)"
811,"School enrollment, tertiary, female (% gross)"
812,"School enrollment, tertiary, male (% gross)"
813,Scientific and technical journal articles
814,"Secondary education, duration (years)"
815,"Secondary education, general pupils"
816,"Secondary education, general pupils (% female)"
817,"Secondary education, pupils"
818,"Secondary education, pupils (% female)"
819,"Secondary education, teachers"
820,"Secondary education, teachers (% female)"
821,"Secondary education, teachers, female"
822,"Secondary education, vocational pupils"
823,"Secondary education, vocational pupils (% female)"
824,Secure Internet servers
825,Secure Internet servers (per 1 million people)
826,"Services, value added (% of GDP)"
827,"Services, value added (annual % growth)"
828,"Services, value added (constant 2015 US$)"
829,"Services, value added (constant LCU)"
830,"Services, value added (current LCU)"
831,"Services, value added (current US$)"
832,"Services, value added per worker (constant 2015 US$)"
833,Sex ratio at birth (male births per female births)
834,"Short-term debt (% of exports of goods, services and primary income)"
835,Short-term debt (% of total external debt)
836,Short-term debt (% of total reserves)
837,Social contributions (% of revenue)
838,Social contributions (current LCU)
839,Source data assessment of statistical capacity (scale 0 - 100)
840,"Specialist surgical workforce (per 100,000 population)"
841,Statistical Capacity Score (Overall Average) (scale 0 - 100)
842,Statistical performance indicators (SPI): Overall score (scale 0-100)
843,Statistical performance indicators (SPI): Pillar 1 data use score (scale 0-100)
844,Statistical performance indicators (SPI): Pillar 2 data services score (scale 0-100)
845,Statistical performance indicators (SPI): Pillar 3 data products score  (scale 0-100)
846,Statistical performance indicators (SPI): Pillar 4 data sources score (scale 0-100)
847,Statistical performance indicators (SPI): Pillar 5 data infrastructure score (scale 0-100)
848,Subsidies and other transfers (% of expense)
849,Subsidies and other transfers (current LCU)
850,"Suicide mortality rate (per 100,000 population)"
851,"Suicide mortality rate, female (per 100,000 female population)"
852,"Suicide mortality rate, male (per 100,000 male population)"
853,Surface area (sq. km)
854,"Survival to age 65, female (% of cohort)"
855,"Survival to age 65, male (% of cohort)"
856,Tax revenue (% of GDP)
857,Tax revenue (current LCU)
858,Taxes less subsidies on products (constant LCU)
859,Taxes less subsidies on products (current LCU)
860,Taxes less subsidies on products (current US$)
861,Taxes on exports (% of tax revenue)
862,Taxes on exports (current LCU)
863,Taxes on goods and services (% of revenue)
864,Taxes on goods and services (% value added of industry and services)
865,Taxes on goods and services (current LCU)
866,"Taxes on income, profits and capital gains (% of revenue)"
867,"Taxes on income, profits and capital gains (% of total taxes)"
868,"Taxes on income, profits and capital gains (current LCU)"
869,Taxes on international trade (% of revenue)
870,Taxes on international trade (current LCU)
871,Technicians in R&D (per million people)
872,Teenage mothers (% of women ages 15-19 who have had children or are currently pregnant)
873,Terms of trade adjustment (constant LCU)
874,Terrestrial and marine protected areas (% of total territorial area)
875,Terrestrial protected areas (% of total land area)
876,"Tertiary education, academic staff (% female)"
877,Textiles and clothing (% of value added in manufacturing)
878,"Total alcohol consumption per capita (liters of pure alcohol, projected estimates, 15+ years of age)"
879,"Total alcohol consumption per capita, female (liters of pure alcohol, projected estimates, female 15+ years of age)"
880,"Total alcohol consumption per capita, male (liters of pure alcohol, projected estimates, male 15+ years of age)"
881,Total debt service (% of GNI)
882,"Total debt service (% of exports of goods, services and primary income)"
883,Total fisheries production (metric tons)
884,Total greenhouse gas emissions (% change from 1990)
885,Total greenhouse gas emissions (kt of CO2 equivalent)
886,Total natural resources rents (% of GDP)
887,Trade (% of GDP)
888,"Trademark applications, nonresident, by count"
889,"Trademark applications, resident, by count"
890,Trained teachers in lower secondary education (% of total teachers)
891,"Trained teachers in lower secondary education, female (% of female teachers)"
892,"Trained teachers in lower secondary education, male (% of male teachers)"
893,Trained teachers in preprimary education (% of total teachers)
894,"Trained teachers in preprimary education, female (% of female teachers)"
895,"Trained teachers in preprimary education, male (% of male teachers)"
896,Trained teachers in primary education (% of total teachers)
897,"Trained teachers in primary education, female (% of female teachers)"
898,"Trained teachers in primary education, male (% of male teachers)"
899,Trained teachers in secondary education (% of total teachers)
900,"Trained teachers in secondary education, female (% of female teachers)"
901,"Trained teachers in secondary education, male (% of male teachers)"
902,Trained teachers in upper secondary education (% of total teachers)
903,"Trained teachers in upper secondary education, female (% of female teachers)"
904,"Trained teachers in upper secondary education, male (% of male teachers)"
905,"Tuberculosis case detection rate (%, all forms)"
906,Tuberculosis treatment success rate (% of new cases)
907,UHC service coverage index
908,Unmet need for contraception (% of married women ages 15-49)
909,Urban land area (sq. km)
910,Urban land area where elevation is below 5 meters (% of total land area)
911,Urban land area where elevation is below 5 meters (sq. km)
912,Urban population
913,Urban population (% of total population)
914,Urban population growth (annual %)
915,Urban population living in areas where elevation is below 5 meters (% of total population)
916,"Use of IMF credit (DOD, current US$)"
917,Use of insecticide-treated bed nets (% of under-5 population)
918,Vitamin A supplementation coverage rate (% of children ages 6-59 months)
919,Voice and Accountability: Estimate
920,Voice and Accountability: Number of Sources
921,Voice and Accountability: Percentile Rank
922,"Voice and Accountability: Percentile Rank, Lower Bound of 90% Confidence Interval"
923,"Voice and Accountability: Percentile Rank, Upper Bound of 90% Confidence Interval"
924,Voice and Accountability: Standard Error
925,Wanted fertility rate (births per woman)
926,"Water productivity, total (constant 2015 US$ GDP per cubic meter of total freshwater withdrawal)"
927,Women who were first married by age 15 (% of women ages 20-24)
928,Women who were first married by age 18 (% of women ages 20-24)
929,Women's share of population ages 15+ living with HIV (%)
930,Young people (ages 15-24) newly infected with HIV
931,CO2 per capita
932,GDP per capita
